Nome,Categoria,Duracao,Imagem
Ranveer vs Wild with Bear Grylls,Acao,70,https://s2.glbimg.com/iMfP_0f2kWSDVF7nhBOEG1o53G8=/362x536/https://s2.glbimg.com/3ASFpuHdW4mMGsR3I_3fUcUr9y0=/i.s3.glbimg.com/v1/AUTH_c3c606ff68e7478091d1ca496f9c5625/internal_photos/bs/2021/8/w/gqRGatS96weOejq5Cn2w/2021-2317-horizonte-profundo-poster-globoplay.jpg
Wheelman,Acao,82,https://s2.glbimg.com/iMfP_0f2kWSDVF7nhBOEG1o53G8=/362x536/https://s2.glbimg.com/3ASFpuHdW4mMGsR3I_3fUcUr9y0=/i.s3.glbimg.com/v1/AUTH_c3c606ff68e7478091d1ca496f9c5625/internal_photos/bs/2021/8/w/gqRGatS96weOejq5Cn2w/2021-2317-horizonte-profundo-poster-globoplay.jpg
Sausage Party,Acao,88,https://s2.glbimg.com/iMfP_0f2kWSDVF7nhBOEG1o53G8=/362x536/https://s2.glbimg.com/3ASFpuHdW4mMGsR3I_3fUcUr9y0=/i.s3.glbimg.com/v1/AUTH_c3c606ff68e7478091d1ca496f9c5625/internal_photos/bs/2021/8/w/gqRGatS96weOejq5Cn2w/2021-2317-horizonte-profundo-poster-globoplay.jpg
Lucy,Acao,89,https://s2.glbimg.com/iMfP_0f2kWSDVF7nhBOEG1o53G8=/362x536/https://s2.glbimg.com/3ASFpuHdW4mMGsR3I_3fUcUr9y0=/i.s3.glbimg.com/v1/AUTH_c3c606ff68e7478091d1ca496f9c5625/internal_photos/bs/2021/8/w/gqRGatS96weOejq5Cn2w/2021-2317-horizonte-profundo-poster-globoplay.jpg
"Watch Out, We're Mad",Acao,90,https://s2.glbimg.com/iMfP_0f2kWSDVF7nhBOEG1o53G8=/362x536/https://s2.glbimg.com/3ASFpuHdW4mMGsR3I_3fUcUr9y0=/i.s3.glbimg.com/v1/AUTH_c3c606ff68e7478091d1ca496f9c5625/internal_photos/bs/2021/8/w/gqRGatS96weOejq5Cn2w/2021-2317-horizonte-profundo-poster-globoplay.jpg
Paprika,Acao,90,https://s2.glbimg.com/iMfP_0f2kWSDVF7nhBOEG1o53G8=/362x536/https://s2.glbimg.com/3ASFpuHdW4mMGsR3I_3fUcUr9y0=/i.s3.glbimg.com/v1/AUTH_c3c606ff68e7478091d1ca496f9c5625/internal_photos/bs/2021/8/w/gqRGatS96weOejq5Cn2w/2021-2317-horizonte-profundo-poster-globoplay.jpg
The Hunt,Acao,90,https://s2.glbimg.com/iMfP_0f2kWSDVF7nhBOEG1o53G8=/362x536/https://s2.glbimg.com/3ASFpuHdW4mMGsR3I_3fUcUr9y0=/i.s3.glbimg.com/v1/AUTH_c3c606ff68e7478091d1ca496f9c5625/internal_photos/bs/2021/8/w/gqRGatS96weOejq5Cn2w/2021-2317-horizonte-profundo-poster-globoplay.jpg
Centauro,Acao,90,https://s2.glbimg.com/iMfP_0f2kWSDVF7nhBOEG1o53G8=/362x536/https://s2.glbimg.com/3ASFpuHdW4mMGsR3I_3fUcUr9y0=/i.s3.glbimg.com/v1/AUTH_c3c606ff68e7478091d1ca496f9c5625/internal_photos/bs/2021/8/w/gqRGatS96weOejq5Cn2w/2021-2317-horizonte-profundo-poster-globoplay.jpg
The Scorpion King,Acao,91,https://s2.glbimg.com/iMfP_0f2kWSDVF7nhBOEG1o53G8=/362x536/https://s2.glbimg.com/3ASFpuHdW4mMGsR3I_3fUcUr9y0=/i.s3.glbimg.com/v1/AUTH_c3c606ff68e7478091d1ca496f9c5625/internal_photos/bs/2021/8/w/gqRGatS96weOejq5Cn2w/2021-2317-horizonte-profundo-poster-globoplay.jpg
Dracula Untold,Acao,92,https://s2.glbimg.com/iMfP_0f2kWSDVF7nhBOEG1o53G8=/362x536/https://s2.glbimg.com/3ASFpuHdW4mMGsR3I_3fUcUr9y0=/i.s3.glbimg.com/v1/AUTH_c3c606ff68e7478091d1ca496f9c5625/internal_photos/bs/2021/8/w/gqRGatS96weOejq5Cn2w/2021-2317-horizonte-profundo-poster-globoplay.jpg
Malibu Rescue: The Next Wave,Comedia,70,https://s2.glbimg.com/iMfP_0f2kWSDVF7nhBOEG1o53G8=/362x536/https://s2.glbimg.com/3ASFpuHdW4mMGsR3I_3fUcUr9y0=/i.s3.glbimg.com/v1/AUTH_c3c606ff68e7478091d1ca496f9c5625/internal_photos/bs/2021/8/w/gqRGatS96weOejq5Cn2w/2021-2317-horizonte-profundo-poster-globoplay.jpg
The Secret Life of Pets,Comedia,86,https://s2.glbimg.com/iMfP_0f2kWSDVF7nhBOEG1o53G8=/362x536/https://s2.glbimg.com/3ASFpuHdW4mMGsR3I_3fUcUr9y0=/i.s3.glbimg.com/v1/AUTH_c3c606ff68e7478091d1ca496f9c5625/internal_photos/bs/2021/8/w/gqRGatS96weOejq5Cn2w/2021-2317-horizonte-profundo-poster-globoplay.jpg
Kung Fu Panda 2,Comedia,92,https://s2.glbimg.com/iMfP_0f2kWSDVF7nhBOEG1o53G8=/362x536/https://s2.glbimg.com/3ASFpuHdW4mMGsR3I_3fUcUr9y0=/i.s3.glbimg.com/v1/AUTH_c3c606ff68e7478091d1ca496f9c5625/internal_photos/bs/2021/8/w/gqRGatS96weOejq5Cn2w/2021-2317-horizonte-profundo-poster-globoplay.jpg
Bad Boys,Comedia,119,https://s2.glbimg.com/iMfP_0f2kWSDVF7nhBOEG1o53G8=/362x536/https://s2.glbimg.com/3ASFpuHdW4mMGsR3I_3fUcUr9y0=/i.s3.glbimg.com/v1/AUTH_c3c606ff68e7478091d1ca496f9c5625/internal_photos/bs/2021/8/w/gqRGatS96weOejq5Cn2w/2021-2317-horizonte-profundo-poster-globoplay.jpg
Mighty Little Bheem: I Love Taj Mahal,Comedia,20,https://s2.glbimg.com/iMfP_0f2kWSDVF7nhBOEG1o53G8=/362x536/https://s2.glbimg.com/3ASFpuHdW4mMGsR3I_3fUcUr9y0=/i.s3.glbimg.com/v1/AUTH_c3c606ff68e7478091d1ca496f9c5625/internal_photos/bs/2021/8/w/gqRGatS96weOejq5Cn2w/2021-2317-horizonte-profundo-poster-globoplay.jpg
Mr. & Mrs. Smith,Comedia,120,https://s2.glbimg.com/iMfP_0f2kWSDVF7nhBOEG1o53G8=/362x536/https://s2.glbimg.com/3ASFpuHdW4mMGsR3I_3fUcUr9y0=/i.s3.glbimg.com/v1/AUTH_c3c606ff68e7478091d1ca496f9c5625/internal_photos/bs/2021/8/w/gqRGatS96weOejq5Cn2w/2021-2317-horizonte-profundo-poster-globoplay.jpg
Forrest Gump,Comedia,143,https://s2.glbimg.com/iMfP_0f2kWSDVF7nhBOEG1o53G8=/362x536/https://s2.glbimg.com/3ASFpuHdW4mMGsR3I_3fUcUr9y0=/i.s3.glbimg.com/v1/AUTH_c3c606ff68e7478091d1ca496f9c5625/internal_photos/bs/2021/8/w/gqRGatS96weOejq5Cn2w/2021-2317-horizonte-profundo-poster-globoplay.jpg
Little Singham Samundar Ka Sikandar,Comedia,47,https://s2.glbimg.com/iMfP_0f2kWSDVF7nhBOEG1o53G8=/362x536/https://s2.glbimg.com/3ASFpuHdW4mMGsR3I_3fUcUr9y0=/i.s3.glbimg.com/v1/AUTH_c3c606ff68e7478091d1ca496f9c5625/internal_photos/bs/2021/8/w/gqRGatS96weOejq5Cn2w/2021-2317-horizonte-profundo-poster-globoplay.jpg
Tim Dillon: A Real Hero,Comedia,48,https://s2.glbimg.com/iMfP_0f2kWSDVF7nhBOEG1o53G8=/362x536/https://s2.glbimg.com/3ASFpuHdW4mMGsR3I_3fUcUr9y0=/i.s3.glbimg.com/v1/AUTH_c3c606ff68e7478091d1ca496f9c5625/internal_photos/bs/2021/8/w/gqRGatS96weOejq5Cn2w/2021-2317-horizonte-profundo-poster-globoplay.jpg
Kapil Sharma: I'm Not Done Yet,Comedia,54,https://s2.glbimg.com/iMfP_0f2kWSDVF7nhBOEG1o53G8=/362x536/https://s2.glbimg.com/3ASFpuHdW4mMGsR3I_3fUcUr9y0=/i.s3.glbimg.com/v1/AUTH_c3c606ff68e7478091d1ca496f9c5625/internal_photos/bs/2021/8/w/gqRGatS96weOejq5Cn2w/2021-2317-horizonte-profundo-poster-globoplay.jpg
The Throne,Drama,74,https://s2.glbimg.com/iMfP_0f2kWSDVF7nhBOEG1o53G8=/362x536/https://s2.glbimg.com/3ASFpuHdW4mMGsR3I_3fUcUr9y0=/i.s3.glbimg.com/v1/AUTH_c3c606ff68e7478091d1ca496f9c5625/internal_photos/bs/2021/8/w/gqRGatS96weOejq5Cn2w/2021-2317-horizonte-profundo-poster-globoplay.jpg
6 Years,Drama,79,https://s2.glbimg.com/iMfP_0f2kWSDVF7nhBOEG1o53G8=/362x536/https://s2.glbimg.com/3ASFpuHdW4mMGsR3I_3fUcUr9y0=/i.s3.glbimg.com/v1/AUTH_c3c606ff68e7478091d1ca496f9c5625/internal_photos/bs/2021/8/w/gqRGatS96weOejq5Cn2w/2021-2317-horizonte-profundo-poster-globoplay.jpg
Sentinelle,Drama,80,https://s2.glbimg.com/iMfP_0f2kWSDVF7nhBOEG1o53G8=/362x536/https://s2.glbimg.com/3ASFpuHdW4mMGsR3I_3fUcUr9y0=/i.s3.glbimg.com/v1/AUTH_c3c606ff68e7478091d1ca496f9c5625/internal_photos/bs/2021/8/w/gqRGatS96weOejq5Cn2w/2021-2317-horizonte-profundo-poster-globoplay.jpg
Crossroads: One Two Jaga,Drama,81,https://s2.glbimg.com/iMfP_0f2kWSDVF7nhBOEG1o53G8=/362x536/https://s2.glbimg.com/3ASFpuHdW4mMGsR3I_3fUcUr9y0=/i.s3.glbimg.com/v1/AUTH_c3c606ff68e7478091d1ca496f9c5625/internal_photos/bs/2021/8/w/gqRGatS96weOejq5Cn2w/2021-2317-horizonte-profundo-poster-globoplay.jpg
Gandu,Drama,85,https://s2.glbimg.com/iMfP_0f2kWSDVF7nhBOEG1o53G8=/362x536/https://s2.glbimg.com/3ASFpuHdW4mMGsR3I_3fUcUr9y0=/i.s3.glbimg.com/v1/AUTH_c3c606ff68e7478091d1ca496f9c5625/internal_photos/bs/2021/8/w/gqRGatS96weOejq5Cn2w/2021-2317-horizonte-profundo-poster-globoplay.jpg
Collateral,Drama,120,https://s2.glbimg.com/iMfP_0f2kWSDVF7nhBOEG1o53G8=/362x536/https://s2.glbimg.com/3ASFpuHdW4mMGsR3I_3fUcUr9y0=/i.s3.glbimg.com/v1/AUTH_c3c606ff68e7478091d1ca496f9c5625/internal_photos/bs/2021/8/w/gqRGatS96weOejq5Cn2w/2021-2317-horizonte-profundo-poster-globoplay.jpg
Lust Stories,Drama,120,https://s2.glbimg.com/iMfP_0f2kWSDVF7nhBOEG1o53G8=/362x536/https://s2.glbimg.com/3ASFpuHdW4mMGsR3I_3fUcUr9y0=/i.s3.glbimg.com/v1/AUTH_c3c606ff68e7478091d1ca496f9c5625/internal_photos/bs/2021/8/w/gqRGatS96weOejq5Cn2w/2021-2317-horizonte-profundo-poster-globoplay.jpg
A Man Returned,Drama,30,https://s2.glbimg.com/iMfP_0f2kWSDVF7nhBOEG1o53G8=/362x536/https://s2.glbimg.com/3ASFpuHdW4mMGsR3I_3fUcUr9y0=/i.s3.glbimg.com/v1/AUTH_c3c606ff68e7478091d1ca496f9c5625/internal_photos/bs/2021/8/w/gqRGatS96weOejq5Cn2w/2021-2317-horizonte-profundo-poster-globoplay.jpg
Two Distant Strangers,Drama,32,https://s2.glbimg.com/iMfP_0f2kWSDVF7nhBOEG1o53G8=/362x536/https://s2.glbimg.com/3ASFpuHdW4mMGsR3I_3fUcUr9y0=/i.s3.glbimg.com/v1/AUTH_c3c606ff68e7478091d1ca496f9c5625/internal_photos/bs/2021/8/w/gqRGatS96weOejq5Cn2w/2021-2317-horizonte-profundo-poster-globoplay.jpg
The Characters of the Continent,Drama,9,https://s2.glbimg.com/iMfP_0f2kWSDVF7nhBOEG1o53G8=/362x536/https://s2.glbimg.com/3ASFpuHdW4mMGsR3I_3fUcUr9y0=/i.s3.glbimg.com/v1/AUTH_c3c606ff68e7478091d1ca496f9c5625/internal_photos/bs/2021/8/w/gqRGatS96weOejq5Cn2w/2021-2317-horizonte-profundo-poster-globoplay.jpg
Spider-Man: Far from Home,Ficcao Cientifica,129,https://s2.glbimg.com/iMfP_0f2kWSDVF7nhBOEG1o53G8=/362x536/https://s2.glbimg.com/3ASFpuHdW4mMGsR3I_3fUcUr9y0=/i.s3.glbimg.com/v1/AUTH_c3c606ff68e7478091d1ca496f9c5625/internal_photos/bs/2021/8/w/gqRGatS96weOejq5Cn2w/2021-2317-horizonte-profundo-poster-globoplay.jpg
Fullmetal Alchemist The Revenge of Scar,Ficcao Cientifica,125,https://s2.glbimg.com/iMfP_0f2kWSDVF7nhBOEG1o53G8=/362x536/https://s2.glbimg.com/3ASFpuHdW4mMGsR3I_3fUcUr9y0=/i.s3.glbimg.com/v1/AUTH_c3c606ff68e7478091d1ca496f9c5625/internal_photos/bs/2021/8/w/gqRGatS96weOejq5Cn2w/2021-2317-horizonte-profundo-poster-globoplay.jpg
Oblivion,Ficcao Cientifica,124,https://s2.glbimg.com/iMfP_0f2kWSDVF7nhBOEG1o53G8=/362x536/https://s2.glbimg.com/3ASFpuHdW4mMGsR3I_3fUcUr9y0=/i.s3.glbimg.com/v1/AUTH_c3c606ff68e7478091d1ca496f9c5625/internal_photos/bs/2021/8/w/gqRGatS96weOejq5Cn2w/2021-2317-horizonte-profundo-poster-globoplay.jpg
Transformers: Age of Extinction,Ficcao Cientifica,166,https://s2.glbimg.com/iMfP_0f2kWSDVF7nhBOEG1o53G8=/362x536/https://s2.glbimg.com/3ASFpuHdW4mMGsR3I_3fUcUr9y0=/i.s3.glbimg.com/v1/AUTH_c3c606ff68e7478091d1ca496f9c5625/internal_photos/bs/2021/8/w/gqRGatS96weOejq5Cn2w/2021-2317-horizonte-profundo-poster-globoplay.jpg
Star Trek Beyond,Ficcao Cientifica,123,https://s2.glbimg.com/iMfP_0f2kWSDVF7nhBOEG1o53G8=/362x536/https://s2.glbimg.com/3ASFpuHdW4mMGsR3I_3fUcUr9y0=/i.s3.glbimg.com/v1/AUTH_c3c606ff68e7478091d1ca496f9c5625/internal_photos/bs/2021/8/w/gqRGatS96weOejq5Cn2w/2021-2317-horizonte-profundo-poster-globoplay.jpg
Transformers,Ficcao Cientifica,144,https://s2.glbimg.com/iMfP_0f2kWSDVF7nhBOEG1o53G8=/362x536/https://s2.glbimg.com/3ASFpuHdW4mMGsR3I_3fUcUr9y0=/i.s3.glbimg.com/v1/AUTH_c3c606ff68e7478091d1ca496f9c5625/internal_photos/bs/2021/8/w/gqRGatS96weOejq5Cn2w/2021-2317-horizonte-profundo-poster-globoplay.jpg
I Am Mother,Ficcao Cientifica,113,https://s2.glbimg.com/iMfP_0f2kWSDVF7nhBOEG1o53G8=/362x536/https://s2.glbimg.com/3ASFpuHdW4mMGsR3I_3fUcUr9y0=/i.s3.glbimg.com/v1/AUTH_c3c606ff68e7478091d1ca496f9c5625/internal_photos/bs/2021/8/w/gqRGatS96weOejq5Cn2w/2021-2317-horizonte-profundo-poster-globoplay.jpg
Godzilla vs. Kong,Ficcao Cientifica,113,https://s2.glbimg.com/iMfP_0f2kWSDVF7nhBOEG1o53G8=/362x536/https://s2.glbimg.com/3ASFpuHdW4mMGsR3I_3fUcUr9y0=/i.s3.glbimg.com/v1/AUTH_c3c606ff68e7478091d1ca496f9c5625/internal_photos/bs/2021/8/w/gqRGatS96weOejq5Cn2w/2021-2317-horizonte-profundo-poster-globoplay.jpg
Venom: Let There Be Carnage,Ficcao Cientifica,97,https://s2.glbimg.com/iMfP_0f2kWSDVF7nhBOEG1o53G8=/362x536/https://s2.glbimg.com/3ASFpuHdW4mMGsR3I_3fUcUr9y0=/i.s3.glbimg.com/v1/AUTH_c3c606ff68e7478091d1ca496f9c5625/internal_photos/bs/2021/8/w/gqRGatS96weOejq5Cn2w/2021-2317-horizonte-profundo-poster-globoplay.jpg
Lucy,Ficcao Cientifica,89,https://s2.glbimg.com/iMfP_0f2kWSDVF7nhBOEG1o53G8=/362x536/https://s2.glbimg.com/3ASFpuHdW4mMGsR3I_3fUcUr9y0=/i.s3.glbimg.com/v1/AUTH_c3c606ff68e7478091d1ca496f9c5625/internal_photos/bs/2021/8/w/gqRGatS96weOejq5Cn2w/2021-2317-horizonte-profundo-poster-globoplay.jpg
Corpse Bride,Romance,77,https://s2.glbimg.com/iMfP_0f2kWSDVF7nhBOEG1o53G8=/362x536/https://s2.glbimg.com/3ASFpuHdW4mMGsR3I_3fUcUr9y0=/i.s3.glbimg.com/v1/AUTH_c3c606ff68e7478091d1ca496f9c5625/internal_photos/bs/2021/8/w/gqRGatS96weOejq5Cn2w/2021-2317-horizonte-profundo-poster-globoplay.jpg
Booty Call,Romance,79,https://s2.glbimg.com/iMfP_0f2kWSDVF7nhBOEG1o53G8=/362x536/https://s2.glbimg.com/3ASFpuHdW4mMGsR3I_3fUcUr9y0=/i.s3.glbimg.com/v1/AUTH_c3c606ff68e7478091d1ca496f9c5625/internal_photos/bs/2021/8/w/gqRGatS96weOejq5Cn2w/2021-2317-horizonte-profundo-poster-globoplay.jpg
6 Years,Romance,79,https://s2.glbimg.com/iMfP_0f2kWSDVF7nhBOEG1o53G8=/362x536/https://s2.glbimg.com/3ASFpuHdW4mMGsR3I_3fUcUr9y0=/i.s3.glbimg.com/v1/AUTH_c3c606ff68e7478091d1ca496f9c5625/internal_photos/bs/2021/8/w/gqRGatS96weOejq5Cn2w/2021-2317-horizonte-profundo-poster-globoplay.jpg
Blue Jay,Romance,80,https://s2.glbimg.com/iMfP_0f2kWSDVF7nhBOEG1o53G8=/362x536/https://s2.glbimg.com/3ASFpuHdW4mMGsR3I_3fUcUr9y0=/i.s3.glbimg.com/v1/AUTH_c3c606ff68e7478091d1ca496f9c5625/internal_photos/bs/2021/8/w/gqRGatS96weOejq5Cn2w/2021-2317-horizonte-profundo-poster-globoplay.jpg
5 Centimeters Per Second,Romance,62,https://s2.glbimg.com/iMfP_0f2kWSDVF7nhBOEG1o53G8=/362x536/https://s2.glbimg.com/3ASFpuHdW4mMGsR3I_3fUcUr9y0=/i.s3.glbimg.com/v1/AUTH_c3c606ff68e7478091d1ca496f9c5625/internal_photos/bs/2021/8/w/gqRGatS96weOejq5Cn2w/2021-2317-horizonte-profundo-poster-globoplay.jpg
Top Gun,Romance,109,https://s2.glbimg.com/iMfP_0f2kWSDVF7nhBOEG1o53G8=/362x536/https://s2.glbimg.com/3ASFpuHdW4mMGsR3I_3fUcUr9y0=/i.s3.glbimg.com/v1/AUTH_c3c606ff68e7478091d1ca496f9c5625/internal_photos/bs/2021/8/w/gqRGatS96weOejq5Cn2w/2021-2317-horizonte-profundo-poster-globoplay.jpg
Love & Other Drugs,Romance,112,https://s2.glbimg.com/iMfP_0f2kWSDVF7nhBOEG1o53G8=/362x536/https://s2.glbimg.com/3ASFpuHdW4mMGsR3I_3fUcUr9y0=/i.s3.glbimg.com/v1/AUTH_c3c606ff68e7478091d1ca496f9c5625/internal_photos/bs/2021/8/w/gqRGatS96weOejq5Cn2w/2021-2317-horizonte-profundo-poster-globoplay.jpg
How to Lose a Guy in 10 Days,Romance,116,https://s2.glbimg.com/iMfP_0f2kWSDVF7nhBOEG1o53G8=/362x536/https://s2.glbimg.com/3ASFpuHdW4mMGsR3I_3fUcUr9y0=/i.s3.glbimg.com/v1/AUTH_c3c606ff68e7478091d1ca496f9c5625/internal_photos/bs/2021/8/w/gqRGatS96weOejq5Cn2w/2021-2317-horizonte-profundo-poster-globoplay.jpg
Bodyguard,Romance,130,https://s2.glbimg.com/iMfP_0f2kWSDVF7nhBOEG1o53G8=/362x536/https://s2.glbimg.com/3ASFpuHdW4mMGsR3I_3fUcUr9y0=/i.s3.glbimg.com/v1/AUTH_c3c606ff68e7478091d1ca496f9c5625/internal_photos/bs/2021/8/w/gqRGatS96weOejq5Cn2w/2021-2317-horizonte-profundo-poster-globoplay.jpg
Pad Man,Romance,130,https://s2.glbimg.com/iMfP_0f2kWSDVF7nhBOEG1o53G8=/362x536/https://s2.glbimg.com/3ASFpuHdW4mMGsR3I_3fUcUr9y0=/i.s3.glbimg.com/v1/AUTH_c3c606ff68e7478091d1ca496f9c5625/internal_photos/bs/2021/8/w/gqRGatS96weOejq5Cn2w/2021-2317-horizonte-profundo-poster-globoplay.jpg
Two,Suspense,71,https://s2.glbimg.com/iMfP_0f2kWSDVF7nhBOEG1o53G8=/362x536/https://s2.glbimg.com/3ASFpuHdW4mMGsR3I_3fUcUr9y0=/i.s3.glbimg.com/v1/AUTH_c3c606ff68e7478091d1ca496f9c5625/internal_photos/bs/2021/8/w/gqRGatS96weOejq5Cn2w/2021-2317-horizonte-profundo-poster-globoplay.jpg
Nairobby,Suspense,77,https://s2.glbimg.com/iMfP_0f2kWSDVF7nhBOEG1o53G8=/362x536/https://s2.glbimg.com/3ASFpuHdW4mMGsR3I_3fUcUr9y0=/i.s3.glbimg.com/v1/AUTH_c3c606ff68e7478091d1ca496f9c5625/internal_photos/bs/2021/8/w/gqRGatS96weOejq5Cn2w/2021-2317-horizonte-profundo-poster-globoplay.jpg
Gravity,Suspense,90,https://s2.glbimg.com/iMfP_0f2kWSDVF7nhBOEG1o53G8=/362x536/https://s2.glbimg.com/3ASFpuHdW4mMGsR3I_3fUcUr9y0=/i.s3.glbimg.com/v1/AUTH_c3c606ff68e7478091d1ca496f9c5625/internal_photos/bs/2021/8/w/gqRGatS96weOejq5Cn2w/2021-2317-horizonte-profundo-poster-globoplay.jpg
Watchman,Suspense,92,https://s2.glbimg.com/iMfP_0f2kWSDVF7nhBOEG1o53G8=/362x536/https://s2.glbimg.com/3ASFpuHdW4mMGsR3I_3fUcUr9y0=/i.s3.glbimg.com/v1/AUTH_c3c606ff68e7478091d1ca496f9c5625/internal_photos/bs/2021/8/w/gqRGatS96weOejq5Cn2w/2021-2317-horizonte-profundo-poster-globoplay.jpg
1922,Suspense,102,https://s2.glbimg.com/iMfP_0f2kWSDVF7nhBOEG1o53G8=/362x536/https://s2.glbimg.com/3ASFpuHdW4mMGsR3I_3fUcUr9y0=/i.s3.glbimg.com/v1/AUTH_c3c606ff68e7478091d1ca496f9c5625/internal_photos/bs/2021/8/w/gqRGatS96weOejq5Cn2w/2021-2317-horizonte-profundo-poster-globoplay.jpg
Twin Murders: the Silence of the White City,Suspense,110,https://s2.glbimg.com/iMfP_0f2kWSDVF7nhBOEG1o53G8=/362x536/https://s2.glbimg.com/3ASFpuHdW4mMGsR3I_3fUcUr9y0=/i.s3.glbimg.com/v1/AUTH_c3c606ff68e7478091d1ca496f9c5625/internal_photos/bs/2021/8/w/gqRGatS96weOejq5Cn2w/2021-2317-horizonte-profundo-poster-globoplay.jpg
And Tomorrow the Entire World,Suspense,111,https://s2.glbimg.com/iMfP_0f2kWSDVF7nhBOEG1o53G8=/362x536/https://s2.glbimg.com/3ASFpuHdW4mMGsR3I_3fUcUr9y0=/i.s3.glbimg.com/v1/AUTH_c3c606ff68e7478091d1ca496f9c5625/internal_photos/bs/2021/8/w/gqRGatS96weOejq5Cn2w/2021-2317-horizonte-profundo-poster-globoplay.jpg
Kappela,Suspense,111,https://s2.glbimg.com/iMfP_0f2kWSDVF7nhBOEG1o53G8=/362x536/https://s2.glbimg.com/3ASFpuHdW4mMGsR3I_3fUcUr9y0=/i.s3.glbimg.com/v1/AUTH_c3c606ff68e7478091d1ca496f9c5625/internal_photos/bs/2021/8/w/gqRGatS96weOejq5Cn2w/2021-2317-horizonte-profundo-poster-globoplay.jpg
Rebecca,Suspense,123,https://s2.glbimg.com/iMfP_0f2kWSDVF7nhBOEG1o53G8=/362x536/https://s2.glbimg.com/3ASFpuHdW4mMGsR3I_3fUcUr9y0=/i.s3.glbimg.com/v1/AUTH_c3c606ff68e7478091d1ca496f9c5625/internal_photos/bs/2021/8/w/gqRGatS96weOejq5Cn2w/2021-2317-horizonte-profundo-poster-globoplay.jpg
The Guardian,Suspense,127,https://s2.glbimg.com/iMfP_0f2kWSDVF7nhBOEG1o53G8=/362x536/https://s2.glbimg.com/3ASFpuHdW4mMGsR3I_3fUcUr9y0=/i.s3.glbimg.com/v1/AUTH_c3c606ff68e7478091d1ca496f9c5625/internal_photos/bs/2021/8/w/gqRGatS96weOejq5Cn2w/2021-2317-horizonte-profundo-poster-globoplay.jpg
Creep,Terror,77,https://s2.glbimg.com/iMfP_0f2kWSDVF7nhBOEG1o53G8=/362x536/https://s2.glbimg.com/3ASFpuHdW4mMGsR3I_3fUcUr9y0=/i.s3.glbimg.com/v1/AUTH_c3c606ff68e7478091d1ca496f9c5625/internal_photos/bs/2021/8/w/gqRGatS96weOejq5Cn2w/2021-2317-horizonte-profundo-poster-globoplay.jpg
Ouija: Origin of Evil,Terror,99,https://s2.glbimg.com/iMfP_0f2kWSDVF7nhBOEG1o53G8=/362x536/https://s2.glbimg.com/3ASFpuHdW4mMGsR3I_3fUcUr9y0=/i.s3.glbimg.com/v1/AUTH_c3c606ff68e7478091d1ca496f9c5625/internal_photos/bs/2021/8/w/gqRGatS96weOejq5Cn2w/2021-2317-horizonte-profundo-poster-globoplay.jpg
Slender Man,Terror,93,https://s2.glbimg.com/iMfP_0f2kWSDVF7nhBOEG1o53G8=/362x536/https://s2.glbimg.com/3ASFpuHdW4mMGsR3I_3fUcUr9y0=/i.s3.glbimg.com/v1/AUTH_c3c606ff68e7478091d1ca496f9c5625/internal_photos/bs/2021/8/w/gqRGatS96weOejq5Cn2w/2021-2317-horizonte-profundo-poster-globoplay.jpg
Insidious: Chapter 3,Terror,97,https://s2.glbimg.com/iMfP_0f2kWSDVF7nhBOEG1o53G8=/362x536/https://s2.glbimg.com/3ASFpuHdW4mMGsR3I_3fUcUr9y0=/i.s3.glbimg.com/v1/AUTH_c3c606ff68e7478091d1ca496f9c5625/internal_photos/bs/2021/8/w/gqRGatS96weOejq5Cn2w/2021-2317-horizonte-profundo-poster-globoplay.jpg
Eli,Terror,98,https://s2.glbimg.com/iMfP_0f2kWSDVF7nhBOEG1o53G8=/362x536/https://s2.glbimg.com/3ASFpuHdW4mMGsR3I_3fUcUr9y0=/i.s3.glbimg.com/v1/AUTH_c3c606ff68e7478091d1ca496f9c5625/internal_photos/bs/2021/8/w/gqRGatS96weOejq5Cn2w/2021-2317-horizonte-profundo-poster-globoplay.jpg
Orphan,Terror,122,https://s2.glbimg.com/iMfP_0f2kWSDVF7nhBOEG1o53G8=/362x536/https://s2.glbimg.com/3ASFpuHdW4mMGsR3I_3fUcUr9y0=/i.s3.glbimg.com/v1/AUTH_c3c606ff68e7478091d1ca496f9c5625/internal_photos/bs/2021/8/w/gqRGatS96weOejq5Cn2w/2021-2317-horizonte-profundo-poster-globoplay.jpg
Devil,Terror,80,https://s2.glbimg.com/iMfP_0f2kWSDVF7nhBOEG1o53G8=/362x536/https://s2.glbimg.com/3ASFpuHdW4mMGsR3I_3fUcUr9y0=/i.s3.glbimg.com/v1/AUTH_c3c606ff68e7478091d1ca496f9c5625/internal_photos/bs/2021/8/w/gqRGatS96weOejq5Cn2w/2021-2317-horizonte-profundo-poster-globoplay.jpg
Evil Dead,Terror,91,https://s2.glbimg.com/iMfP_0f2kWSDVF7nhBOEG1o53G8=/362x536/https://s2.glbimg.com/3ASFpuHdW4mMGsR3I_3fUcUr9y0=/i.s3.glbimg.com/v1/AUTH_c3c606ff68e7478091d1ca496f9c5625/internal_photos/bs/2021/8/w/gqRGatS96weOejq5Cn2w/2021-2317-horizonte-profundo-poster-globoplay.jpg
The Possession of Hannah Grace,Terror,85,https://s2.glbimg.com/iMfP_0f2kWSDVF7nhBOEG1o53G8=/362x536/https://s2.glbimg.com/3ASFpuHdW4mMGsR3I_3fUcUr9y0=/i.s3.glbimg.com/v1/AUTH_c3c606ff68e7478091d1ca496f9c5625/internal_photos/bs/2021/8/w/gqRGatS96weOejq5Cn2w/2021-2317-horizonte-profundo-poster-globoplay.jpg
The Ritual,Terror,94,https://s2.glbimg.com/iMfP_0f2kWSDVF7nhBOEG1o53G8=/362x536/https://s2.glbimg.com/3ASFpuHdW4mMGsR3I_3fUcUr9y0=/i.s3.glbimg.com/v1/AUTH_c3c606ff68e7478091d1ca496f9c5625/internal_photos/bs/2021/8/w/gqRGatS96weOejq5Cn2w/2021-2317-horizonte-profundo-poster-globoplay.jpg